id,pair,direction,entryPrice,stopLoss,takeProfit,timeframe,confidence,timestamp,currentPrice,reasoning,status,exitPrice,pnl,pnlPrecent,checkedAt,rsi,stoch,williams,cci,atr,sma,ema,momentum,macd,macdSignal,macdHist,bbUpper,bbLower,bbMiddle,adx,obv,mfi,stochrsi,
1751638056800,GBP/USD,SELL,1.36455,1.36479,1.36415,1min,84,2025-07-04T14:07:36.800Z,1.36455,CCI מציין מכירת יתר. EMA מתחת SMA - מגמה יורדת. מחיר מתחת ממוצע נע.,WIN,1.36444,0.00011,0.008061265619,2025-07-04T14:08:42.566Z,43.26018,50,-50,-145.087158,0.00015932405,1.36492,1.3649,0,,,,,,,,,,,
1751638143633,GBP/USD,SELL,1.36444,1.3647,1.364,1min,84,2025-07-04T14:09:03.633Z,1.36444,CCI מציין מכירת יתר. EMA מתחת SMA - מגמה יורדת. מחיר מתחת ממוצע נע.,LOSS,1.36463,-0.00019,-0.01392512679,2025-07-04T14:10:04.667Z,42.15514,50,-50,-198.55074,0.00017614552,1.36493,1.36485,0,,,,,,,,,,,
1751638247398,AUD/USD,SELL,0.65546691,0.65566,0.65515,1min,80,2025-07-04T14:10:47.398Z,0.65546691,EMA מתחת SMA - מגמה יורדת. מחיר מתחת ממוצע נע.,WIN,0.65546691,,,2025-07-04T14:11:48.927Z,48.63905,45.61616,-50,-32.59352,0.00012765441,0.65551592,0.65550895,0,,,,,,,,,,,
1751638959128,USD/JPY,BUY,144.455,144.42345,144.50758,1min,81,2025-07-04T14:22:39.128Z,144.455,EMA מעל SMA - מגמה עולה. מחיר מעל ממוצע נע. שינוי מחיר שלילי.,LOSS,144.448,-0.007,-0.00484579973,2025-07-04T14:26:12.453Z,50.53085,71.82463,-50,47.24952,0.021032222,144.4495,144.45436,0,,,,,,,,,,,
1751639232205,GBP/USD,BUY,1.36508,1.36489,1.36539,1min,84,2025-07-04T14:27:12.206Z,1.36508,Stochastic מציין קנייה יתר. EMA מעל SMA - מגמה עולה. מחיר מעל ממוצע נע.,WIN,1.36524,0.00016,0.01172092478,2025-07-04T14:28:14.337Z,54.92976,80.006398,-50,76.51771,0.00012554195,1.36488,1.36495,0,,,,,,,,,,,
1751639304689,USD/CAD,SELL,1.36021,1.36106,1.3588,1min,74,2025-07-04T14:28:24.689Z,1.36021,EMA מתחת SMA - מגמה יורדת. מחיר מעל ממוצע נע.,WIN,1.3598,0.00041,0.03014240448,2025-07-04T14:29:26.673Z,50.88177,67.77483,-50,-37.85162,0.00056434499,1.36018,1.36014,0,,,,,,,,,,,
1751639472632,USD/CAD,SELL,1.36021,1.36104,1.35883,1min,74,2025-07-04T14:31:12.632Z,1.36021,EMA מתחת SMA - מגמה יורדת. מחיר מעל ממוצע נע.,WIN,1.36019,0.00002,0.001470361194,2025-07-04T14:32:14.545Z,51.16825,73.48844,-50,-20.20912,0.00055234726,1.36014,1.36012,0,,,,,,,,,,,
1751639665034,AUD/USD,SELL,0.65544969,0.65562,0.65517,1min,79,2025-07-04T14:34:25.034Z,0.65544969,EMA מעל SMA - מגמה עולה. מחיר מתחת ממוצע נע. 1min מסגרת זמן יעילה (71.4%).,WIN,0.65541965,0.00003004,0.004583113007,2025-07-04T14:35:26.740Z,45.92584,27.69051,-50,-64.40323,0.00011146366,0.65552192,0.65552827,0,,,,,,,,,,,
1751639740603,GBP/JPY,SELL,197.211,197.25089,197.14452,1min,90,2025-07-04T14:35:40.603Z,197.211,CCI מציין קנייה יתר. EMA מעל SMA - מגמה עולה. מחיר מעל ממוצע נע. שינוי מחיר שלילי. 1min מסגרת זמן יעילה (75.0%).,WIN,197.207,0.004,0.002028284426,2025-07-04T14:36:42.558Z,60.45514,73.32655,-50,125.17583,0.026591127,197.18485,197.18766,0,,,,,,,,,,,
1751639825551,USD/JPY,BUY,144.472,144.4415,144.52284,1min,85,2025-07-04T14:37:05.551Z,144.472,EMA מעל SMA - מגמה עולה. מחיר מעל ממוצע נע. 1min מסגרת זמן יעילה (77.8%).,WIN,144.479,0.007,0.004845229525,2025-07-04T14:38:07.463Z,57.80619,71.42546,-50,98.1569,0.020336085,144.4571,144.46012,0,,,,,,,,,,,
1751639941368,USD/JPY,SELL,144.48801,144.52013,144.43448,1min,95,2025-07-04T14:39:01.368Z,144.48801,Stochastic מציין קנייה יתר. CCI מציין קנייה יתר. EMA מעל SMA - מגמה עולה. מחיר מעל ממוצע נע. 1min מסגרת זמן יעילה (80.0%). המערכת מציגה ביצועים חיוביים (80.0%).,LOSS,144.511,-0.02299,-0.01591135486,2025-07-04T14:40:05.577Z,64.50586,88.016277,-50,114.5362,0.021412208,144.46055,144.4644,0,,,,,,,,,,,
1751640019532,USD/JPY,SELL,144.511,144.5435,144.45683,1min,95,2025-07-04T14:40:19.532Z,144.511,RSI מציין קנייה יתר. Stochastic מציין קנייה יתר. CCI מציין קנייה יתר. EMA מעל SMA - מגמה עולה. מחיר מעל ממוצע נע. 1min מסגרת זמן יעילה (72.7%). המערכת מציגה ביצועים חיוביים (72.7%).,WIN,144.5,0.011,0.007611877297,2025-07-04T14:41:21.491Z,71.68581,98.89793,-50,171.26975,0.021668043,144.4625,144.46884,0,,,,,,,,,,,
1751640110163,USD/CAD,SELL,1.36072,1.36152,1.35939,1min,95,2025-07-04T14:41:50.163Z,1.36072,Stochastic מציין קנייה יתר. CCI מציין קנייה יתר. EMA מעל SMA - מגמה עולה. מחיר מעל ממוצע נע. 1min מסגרת זמן יעילה (75.0%). המערכת מציגה ביצועים חיוביים (75.0%).,WIN,1.3603,0.00042,0.03086601211,2025-07-04T14:42:52.160Z,60.36009,97.15032,-50,117.62032,0.00053154219,1.36032,1.36042,0,,,,,,,,,,,
1751640189173,EUR/GBP,SELL,0.86295998,0.8631,0.86273,1min,95,2025-07-04T14:43:09.173Z,0.86295998,Stochastic מציין מכירת יתר. CCI מציין מכירת יתר. EMA מתחת SMA - מגמה יורדת. מחיר מתחת ממוצע נע. 1min מסגרת זמן יעילה (76.9%). המערכת מציגה ביצועים חיוביים (76.9%).,LOSS,0.86309999,-0.00014001,-0.01622439085,2025-07-04T14:44:37.302Z,39.68441,14.2776,-50,-137.92955,0.000091627419,0.863078,0.86306507,0,,,,,,,,,,,
1751640298486,EUR/GBP,SELL,0.86309999,0.86325,0.86286,1min,92,2025-07-04T14:44:58.486Z,0.86309999,Stochastic מציין קנייה יתר. EMA מתחת SMA - מגמה יורדת. מחיר מעל ממוצע נע. 1min מסגרת זמן יעילה (71.4%). המערכת מציגה ביצועים חיוביים (71.4%).,WIN,0.86308002,0.00001997,0.002313752779,2025-07-04T14:46:00.005Z,51.2815,94.43709,-50,-0.62768835,0.00009670907,0.8630765,0.8630714,0,,,,,,,,,,,
1751640406453,USD/CAD,SELL,1.36077,1.36155,1.35947,1min,95,2025-07-04T14:46:46.454Z,1.36077,Stochastic מציין קנייה יתר. CCI מציין קנייה יתר. EMA מעל SMA - מגמה עולה. מחיר מעל ממוצע נע. USD/CAD הוכיח ביצועים טובים (100.0%). 1min מסגרת זמן יעילה (73.3%). המערכת מציגה ביצועים חיוביים (73.3%).,WIN,1.36058,0.00019,0.01396268289,2025-07-04T14:47:48.399Z,57.068982,84.46759,-50,102.64952,0.0005198361,1.36048,1.36054,0,,,,,,,,,,,
1751640502400,USD/CAD,BUY,1.36058,1.35979,1.3619,1min,95,2025-07-04T14:48:22.400Z,1.36058,EMA מעל SMA - מגמה עולה. מחיר מעל ממוצע נע. USD/CAD הוכיח ביצועים טובים (100.0%). 1min מסגרת זמן יעילה (75.0%). המערכת מציגה ביצועים חיוביים (75.0%).,WIN,1.36072,0.00014,0.01028972938,2025-07-04T14:49:35.564Z,52.19071,62.3638,-50,46.073015,0.00052627595,1.3605,1.36055,0,,,,,,,,,,,
1751644269546,USD/CAD,SELL,1.3604,1.36114,1.35916,1min,90,2025-07-04T15:51:09.546Z,1.3604,EMA מעל SMA - מגמה עולה. מחיר מתחת ממוצע נע. USD/CAD הוכיח ביצועים טובים (100.0%). 1min מסגרת זמן יעילה (76.5%). המערכת מציגה ביצועים חיוביים (76.5%).,LOSS,1.3605,-0.0001,-0.007350779183,2025-07-04T15:52:10.759Z,44.1823,56.32975,-50,-4.21592,0.00049574729,1.36051,1.36055,0,,,,,,,,,,,
1751644359383,USD/CAD,BUY,1.3605,1.35976,1.36174,1min,87,2025-07-04T15:52:39.383Z,1.3605,EMA מעל SMA - מגמה עולה. USD/CAD הוכיח ביצועים טובים (83.3%). 1min מסגרת זמן יעילה (72.2%). המערכת מציגה ביצועים חיוביים (72.2%).,LOSS,1.3601,-0.0004,-0.02940095553,2025-07-04T15:53:40.483Z,47.58847,70.41639,-50,-5.71131,0.00049604846,1.3605,1.36055,0,,,,,,,,,,,
1751644470862,USD/CAD,SELL,1.3602,1.36094,1.35897,1min,91,2025-07-04T15:54:30.862Z,1.3602,EMA מתחת SMA - מגמה יורדת. מחיר מתחת ממוצע נע. USD/CAD הוכיח ביצועים טובים (71.4%). המערכת מציגה ביצועים חיוביים (68.4%).,LOSS,1.36049,-0.00029,-0.02132039406,2025-07-04T15:55:32.455Z,40.99223,28.17327,-50,-89.29337,0.00049271291,1.36049,1.36048,0,,,,,,,,,,,
1751644589969,USD/JPY,SELL,144.51801,144.54466,144.4736,1min,83,2025-07-04T15:56:29.969Z,144.51801,EMA מתחת SMA - מגמה יורדת. מחיר מתחת ממוצע נע. המערכת מציגה ביצועים חיוביים (65.0%).,LOSS,144.52699,-0.00898,-0.00621375841,2025-07-04T15:57:31.259Z,45.68935,27.92761,-50,-35.74129,0.017765807,144.5271,144.5269,0,,,,,,,,,,,
1751644878470,AUD/USD,SELL,0.65552706,0.65567,0.65529,1min,91,2025-07-04T16:01:18.470Z,0.65552706,Stochastic מציין קנייה יתר. CCI מציין קנייה יתר. EMA מעל SMA - מגמה עולה. מחיר מעל ממוצע נע. המערכת מציגה ביצועים חיוביים (61.9%).,WIN,0.65538096,0.0001461,0.02228740946,2025-07-04T16:02:19.593Z,60.40122,100,-50,106.5181,0.00009495295,0.65538037,0.65538115,0,,,,,,,,,,,
1751645133876,GBP/USD,SELL,1.36467,1.36482,1.36443,1min,40,2025-07-04T16:05:33.876Z,1.36467,Stochastic מציין קנייה יתר. CCI מציין קנייה יתר. EMA מתחת SMA - מגמה יורדת. מחיר מעל ממוצע נע. יש סתירה בין האינדיקטורים.,WIN,1.36457,0.0001,0.007327778877,2025-07-04T16:06:48.476Z,57.89451,100,-50,143.3923,0.000096773504,1.36451,1.36447,0,,,,,,,,,,,
1751645684375,USD/CHF,BUY,0.79338998,0.79321,0.7937,1min,40,2025-07-04T16:14:44.375Z,0.79338998,CCI מציין קנייה יתר. EMA מעל SMA - מגמה עולה. מחיר מעל ממוצע נע. יש סתירה בין האינדיקטורים.,LOSS,0.79329002,-0.00009996,-0.01259910038,2025-07-04T16:15:46.632Z,56.89096,63.32207,,112.35551,0.00012276487,0.7933,0.79332109,0,,,,,,,,,,,
1751645877498,AUD/USD,BUY,0.65550989,0.65527,0.65591,1min,65,2025-07-04T16:17:57.498Z,0.65550989,EMA מעל SMA - מגמה עולה. מחיר מעל ממוצע נע. כל האינדיקטורים תומכים בכיוון אחד. היסטוריית הצלחה גבוהה לזוג זה (100.0%).,WIN,0.65552706,0.00001717,0.002619335003,2025-07-04T16:18:59.333Z,52.22187,75.63654,-24.36346,67.33973,0.00015856461,0.65548047,0.65548409,0,,,,,,,,,,,
1751646433975,AUD/USD,SELL,0.65566891,0.65592,0.65525,1min,48,2025-07-04T16:27:13.975Z,0.65566891,Stochastic מציין קנייה יתר. Williams %R מציין קנייה יתר. EMA מתחת SMA - מגמה יורדת. מחיר מעל ממוצע נע. יש סתירה בין האינדיקטורים. היסטוריית הצלחה גבוהה לזוג זה (100.0%). היסטוריית הצלחה גבוהה למסגרת זמן זו (64.0%).,WIN,0.6556474,0.00002151,0.003280619177,2025-07-04T16:28:16.183Z,60.012823,94.94185,-5.058148,65.11695,0.0001670331,0.65556146,0.65556132,0,,,,,,,,,,,
1751646517416,AUD/USD,SELL,0.6556474,0.65588,0.65526,1min,48,2025-07-04T16:28:37.416Z,0.6556474,Stochastic מציין קנייה יתר. Williams %R מציין קנייה יתר. CCI מציין קנייה יתר. EMA מעל SMA - מגמה עולה. מחיר מעל ממוצע נע. יש סתירה בין האינדיקטורים. היסטוריית הצלחה גבוהה לזוג זה (100.0%). היסטוריית הצלחה גבוהה למסגרת זמן זו (65.4%).,LOSS,0.65566033,-0.00001293,-0.001972096587,2025-07-04T16:29:39.646Z,58.12453,89.8837,-10.1163,130.28725,0.00015663911,0.65556833,0.65556952,0,,,,,,,,,,,
1751646791016,EUR/GBP,BUY,0.86293,0.8628,0.86315,1min,43,2025-07-04T16:33:11.016Z,0.86293,Williams %R מציין מכירת יתר. CCI מציין מכירת יתר. EMA מעל SMA - מגמה עולה. מחיר מתחת ממוצע נע. יש סתירה בין האינדיקטורים. היסטוריית הצלחה גבוהה למסגרת זמן זו (63.0%).,WIN,0.86294001,0.00001001,0.001160001391,2025-07-04T16:34:12.770Z,31.86107,50,-100,-272.265,0.000088912276,0.8630535,0.86306378,0,,,,,,,,,,,
1751900996277,EUR/USD,BUY,1.17348,1.17318,1.17398,1min,48,2025-07-07T15:09:56.277Z,1.17348,Stochastic מציין מכירת יתר. Williams %R מציין מכירת יתר. CCI מציין מכירת יתר. EMA מתחת SMA - מגמה יורדת. מחיר מתחת ממוצע נע. מומנטום שלילי. יש סתירה בין האינדיקטורים. היסטוריית הצלחה גבוהה למסגרת זמן זו (82.1%). אותות דומים בעבר הצליחו (88.9%).,WIN,1.1735,0.00002,0.001704332413,2025-07-07T15:11:01.234Z,34.51897,19.54023,-80.45977,-145.36855,0.00019944602,1.17369,1.17363,-0.00044,,,,,,,,,,,
1751901103385,GBP/USD,BUY,1.36366,1.36351,1.36391,1min,53,2025-07-07T15:11:43.385Z,1.36366,Stochastic מציין מכירת יתר. Williams %R מציין מכירת יתר. EMA מעל SMA - מגמה עולה. מחיר מעל ממוצע נע. מומנטום שלילי. יש סתירה בין האינדיקטורים. היסטוריית הצלחה גבוהה לזוג זה (88.9%). היסטוריית הצלחה גבוהה למסגרת זמן זו (82.5%). אותות דומים בעבר הצליחו (94.4%).,WIN,1.36376,0.0001,0.007333206224,2025-07-07T15:12:46.928Z,37.82444,14.79459,-85.20541,-74.14468,0.00010053309,1.36354,1.36359,-0.00024175644,,,,,,,,,,,
1751901268861,USD/JPY,SELL,145.862,145.89891,145.80048,1min,38,2025-07-07T15:14:28.861Z,145.862,Stochastic מציין קנייה יתר. Williams %R מציין קנייה יתר. CCI מציין קנייה יתר. EMA מעל SMA - מגמה עולה. מחיר מעל ממוצע נע. מומנטום חיובי. יש סתירה בין האינדיקטורים. תנודתיות גבוהה - ביטחון יורד. היסטוריית הצלחה גבוהה למסגרת זמן זו (66.7%).,WIN,145.847,0.015,0.01028369281,2025-07-07T15:15:32.206Z,68.83677,88.41953,-11.58047,114.55264,0.024609616,145.82521,145.8296,0.06199646,,,,,,,,,,,
1751902160072,AUD/USD,BUY,0.65137,0.65125,0.65158,1min,53,2025-07-07T15:29:20.072Z,0.65137,EMA מעל SMA - מגמה עולה. מחיר מתחת ממוצע נע. יש סתירה בין האינדיקטורים. היסטוריית הצלחה גבוהה לזוג זה (83.3%). היסטוריית הצלחה גבוהה למסגרת זמן זו (67.7%). אותות דומים בעבר הצליחו (75.0%).,LOSS,0.65136,-0.00001,-0.001535225755,2025-07-07T15:30:27.456Z,51.87686,58.63606,-41.36394,18.59324,0.000082733493,0.65142582,0.65142712,0,,,,,,,,,,,
1751902333274,AUD/USD,BUY,0.65146,0.65134,0.65166,1min,68,2025-07-07T15:32:13.274Z,0.65146,EMA מעל SMA - מגמה עולה. מחיר מעל ממוצע נע. מומנטום חיובי. כל האינדיקטורים תומכים בכיוון אחד. היסטוריית הצלחה גבוהה לזוג זה (71.4%). היסטוריית הצלחה גבוהה למסגרת זמן זו (65.6%).,WIN,0.65149,0.00003,0.004605040985,2025-07-07T15:33:17.712Z,52.40022,79.98678,-20.013221,45.76157,0.000078797292,0.65142097,0.65148137,0.00025033951,,,,,,,,,,,
1751902608946,EUR/JPY,BUY,171.168,171.12676,171.23673,1min,63,2025-07-07T15:36:48.946Z,171.168,EMA מעל SMA - מגמה עולה. מחיר מעל ממוצע נע. מומנטום חיובי. כל האינדיקטורים תומכים בכיוון אחד. תנודתיות גבוהה - ביטחון יורד. היסטוריית הצלחה גבוהה למסגרת זמן זו (66.7%). אותות דומים בעבר הצליחו (66.7%).,WIN,171.169,0.001,0.0005842213498,2025-07-07T15:37:51.871Z,47.074033,43.24603,-56.75397,-47.31728,0.027491943,171.15671,171.16177,0.0039978027,,,,,,,,,,,
1751902712071,USD/CAD,SELL,1.36473,1.36558,1.36331,1min,68,2025-07-07T15:38:32.071Z,1.36473,EMA מתחת SMA - מגמה יורדת. מחיר מתחת ממוצע נע. מומנטום שלילי. כל האינדיקטורים תומכים בכיוון אחד. היסטוריית הצלחה גבוהה לזוג זה (62.5%). היסטוריית הצלחה גבוהה למסגרת זמן זו (67.6%).,WIN,1.3645,0.00023,0.01685315044,2025-07-07T15:39:36.182Z,46.94829,25.0037252,-74.99627,-93.67446,0.00056919688,1.36475,1.36471,-0.00041997433,,,,,,,,,,,
1751903183063,NZD/USD,SELL,0.60116,0.60134,0.60086,1min,48,2025-07-07T15:46:23.063Z,0.60116,EMA מעל SMA - מגמה עולה. מחיר מתחת ממוצע נע. מומנטום שלילי. יש סתירה בין האינדיקטורים. היסטוריית הצלחה גבוהה למסגרת זמן זו (68.6%). אותות דומים בעבר הצליחו (75.0%).,WIN,0.60106,0.0001,0.01663450662,2025-07-07T15:47:33.899Z,47.52448,33.31502,-66.68498,-54.55998,0.00012023015,0.60141592,0.60142447,-0.00010848045,,,,,,,,,,,
1751903672396,AUD/USD,SELL,0.651,0.6511,0.65083,1min,53,2025-07-07T15:54:32.396Z,0.651,Williams %R מציין מכירת יתר. CCI מציין מכירת יתר. EMA מתחת SMA - מגמה יורדת. מחיר מתחת ממוצע נע. מומנטום שלילי. יש סתירה בין האינדיקטורים. היסטוריית הצלחה גבוהה לזוג זה (75.0%). היסטוריית הצלחה גבוהה למסגרת זמן זו (69.4%). אותות דומים בעבר הצליחו (75.0%).,LOSS,0.6511,-0.0001,-0.0153609831,2025-07-07T15:55:37.032Z,31.93545,50,-100,-124.24749,0.000068660677,0.65127551,0.65125352,-0.0003477931,,,,,,,,,,,
1751903977610,NZD/USD,SELL,0.60115,0.60129,0.60092,1min,48,2025-07-07T15:59:37.610Z,0.60115,Stochastic מציין מכירת יתר. Williams %R מציין מכירת יתר. EMA מתחת SMA - מגמה יורדת. מחיר מתחת ממוצע נע. מומנטום שלילי. יש סתירה בין האינדיקטורים. היסטוריית הצלחה גבוהה למסגרת זמן זו (67.6%). אותות דומים בעבר הצליחו (80.0%).,LOSS,0.60123,-0.00008,-0.01330782667,2025-07-07T16:00:41.021Z,47.45564,18.16956,-81.83044,-43.50173,0.000091519417,0.60137458,0.60135087,-0.000036180019,,,,,,,,,,,
1751904075888,EUR/AUD,SELL,1.80168,1.8024,1.80047,1min,63,2025-07-07T16:01:15.888Z,1.80168,EMA מתחת SMA - מגמה יורדת. מחיר מתחת ממוצע נע. מומנטום שלילי. כל האינדיקטורים תומכים בכיוון אחד. היסטוריית הצלחה גבוהה למסגרת זמן זו (65.8%).,WIN,1.80166,0.00002,0.001110075041,2025-07-07T16:02:18.590Z,47.38739,33.63788,-66.36212,-61.4933,0.00048290166,1.8021,1.80201,-0.00022006035,,,,,,,,,,,
1751904286017,CHF/JPY,BUY,183.014,182.97003,183.08728,1min,38,2025-07-07T16:04:46.017Z,183.014,Stochastic מציין מכירת יתר. Williams %R מציין מכירת יתר. CCI מציין מכירת יתר. EMA מתחת SMA - מגמה יורדת. מחיר מתחת ממוצע נע. מומנטום שלילי. יש סתירה בין האינדיקטורים. תנודתיות גבוהה - ביטחון יורד. היסטוריית הצלחה גבוהה למסגרת זמן זו (66.7%).,WIN,183.044,0.03,0.01639218858,2025-07-07T16:05:49.266Z,39.19366,15.20982,-84.79018,-110.3716,0.029311073,183.053501,183.046617,-0.054000854,,,,,,,,,,,
1751904383025,USD/CAD,SELL,1.3643,1.36518,1.36284,1min,73,2025-07-07T16:06:23.025Z,1.3643,EMA מתחת SMA - מגמה יורדת. מחיר מתחת ממוצע נע. מומנטום שלילי. כל האינדיקטורים תומכים בכיוון אחד. היסטוריית הצלחה גבוהה לזוג זה (66.7%). היסטוריית הצלחה גבוהה למסגרת זמן זו (67.5%). אותות דומים בעבר הצליחו (100.0%).,WIN,1.3642,0.0001,0.00732976618,2025-07-07T16:07:26.736Z,45.70488,36.039519,-63.96048,-81.097849,0.00058489487,1.36455,1.36452,-0.00029993057,,,,,,,,,,,
1751904592767,USD/CHF,SELL,0.79698,0.79718,0.79664,1min,48,2025-07-07T16:09:52.767Z,0.79698,EMA מתחת SMA - מגמה יורדת. מחיר מעל ממוצע נע. מומנטום שלילי. יש סתירה בין האינדיקטורים. היסטוריית הצלחה גבוהה למסגרת זמן זו (68.3%). אותות דומים בעבר הצליחו (66.7%).,WIN,0.79697,0.00001,0.001254736631,2025-07-07T16:10:57.156Z,56.56517,62.75129,-37.24871,55.97023,0.00013589459,0.79695643,0.79693059,-0.0000099539757,,,,,,,,,,,
1751904849886,USD/CHF,SELL,0.79703,0.79722,0.79671,1min,48,2025-07-07T16:14:09.886Z,0.79703,EMA מתחת SMA - מגמה יורדת. מחיר מעל ממוצע נע. מומנטום שלילי. יש סתירה בין האינדיקטורים. היסטוריית הצלחה גבוהה למסגרת זמן זו (69.0%). אותות דומים בעבר הצליחו (71.4%).,WIN,0.79699,0.00004,0.00501863167,2025-07-07T16:15:13.678Z,55.97734,42.32004,-57.67996,61.64847,0.00012940144,0.79699358,0.79697059,-0.000019967556,,,,,,,,,,,
1751905046374,NZD/USD,SELL,0.60142,0.60153,0.60124,1min,48,2025-07-07T16:17:26.374Z,0.60142,Stochastic מציין קנייה יתר. Williams %R מציין קנייה יתר. CCI מציין קנייה יתר. EMA מעל SMA - מגמה עולה. מחיר מתחת ממוצע נע. מומנטום חיובי. יש סתירה בין האינדיקטורים. היסטוריית הצלחה גבוהה למסגרת זמן זו (69.8%). אותות דומים בעבר הצליחו (75.0%).,LOSS,0.60148,-0.00006,-0.009976389212,2025-07-07T16:18:31.930Z,61.27884,100,0,186.94136,0.000072956705,0.60142884,0.60147923,0.00025326014,,,,,,,,,,,
1751905494730,USD/JPY,SELL,145.965,146.04064,145.83894,1min,38,2025-07-07T16:24:54.730Z,145.965,Stochastic מציין קנייה יתר. Williams %R מציין קנייה יתר. CCI מציין קנייה יתר. EMA מעל SMA - מגמה עולה. מחיר מעל ממוצע נע. מומנטום חיובי. יש סתירה בין האינדיקטורים. תנודתיות גבוהה - ביטחון יורד. היסטוריית הצלחה גבוהה למסגרת זמן זו (68.2%).,WIN,145.83894,0.12606,0.08636316925,2025-07-07T16:25:57.362Z,60.60716,81.40593,-18.59407,195.3052,0.050423768,145.87614,145.87896,0.10400391,,,,,,,,,,,
1751905620057,USD/JPY,SELL,145.828,145.90364,145.70194,1min,43,2025-07-07T16:27:00.057Z,145.828,Stochastic מציין קנייה יתר. Williams %R מציין קנייה יתר. CCI מציין קנייה יתר. EMA מעל SMA - מגמה עולה. מחיר מתחת ממוצע נע. מומנטום חיובי. יש סתירה בין האינדיקטורים. תנודתיות גבוהה - ביטחון יורד. היסטוריית הצלחה גבוהה למסגרת זמן זו (68.9%). אותות דומים בעבר הצליחו (100.0%).,WIN,145.818,0.01,0.006857393642,2025-07-07T16:28:02.698Z,60.60716,81.40593,-18.59407,195.3052,0.050423768,145.87614,145.87896,0.10400391,,,,,,,,,,,
1751905735689,NZD/USD,SELL,0.60076,0.60098,0.60039,1min,43,2025-07-07T16:28:55.689Z,0.60076,CCI מציין מכירת יתר. EMA מתחת SMA - מגמה יורדת. מחיר מתחת ממוצע נע. מומנטום שלילי. יש סתירה בין האינדיקטורים. היסטוריית הצלחה נמוכה לזוג זה (33.3%). היסטוריית הצלחה גבוהה למסגרת זמן זו (69.6%). אותות דומים בעבר הצליחו (100.0%).,LOSS,0.6008,-0.00004,-0.006658232905,2025-07-07T16:29:58.917Z,38.18957,33.28834,-66.71166,-139.053441,0.00014789726,0.60133086,0.60120406,-0.00061434507,,,,,,,,,,,
1751906106858,AUD/USD,SELL,0.65004,0.65024,0.6497,1min,48,2025-07-07T16:35:06.858Z,0.65004,EMA מעל SMA - מגמה עולה. מחיר מתחת ממוצע נע. מומנטום שלילי. יש סתירה בין האינדיקטורים. היסטוריית הצלחה גבוהה לזוג זה (66.7%). היסטוריית הצלחה גבוהה למסגרת זמן זו (68.1%).,LOSS,0.65013,-0.00009,-0.01384530183,2025-07-07T16:36:07.646Z,36.10705,30.082052,-69.91795,-76.55415,0.0001362867,0.65069738,0.65079688,-0.0000084638596,,,,,,,,,,,
1751906191578,USD/CAD,SELL,1.36592,1.36692,1.36426,1min,48,2025-07-07T16:36:31.578Z,1.36592,EMA מתחת SMA - מגמה יורדת. מחיר מעל ממוצע נע. מומנטום שלילי. יש סתירה בין האינדיקטורים. היסטוריית הצלחה גבוהה לזוג זה (70.0%). היסטוריית הצלחה גבוהה למסגרת זמן זו (66.7%).,WIN,1.3658,0.00012,0.008785287572,2025-07-07T16:37:32.167Z,57.49379,55.27914,-44.72086,40.042389,0.00066454122,1.36576,1.36551,-0.00062000751,,,,,,,,,,,
1751906298904,USD/CAD,SELL,1.36563,1.36663,1.36397,1min,73,2025-07-07T16:38:18.904Z,1.36563,EMA מתחת SMA - מגמה יורדת. מחיר מתחת ממוצע נע. מומנטום שלילי. כל האינדיקטורים תומכים בכיוון אחד. היסטוריית הצלחה גבוהה לזוג זה (72.7%). היסטוריית הצלחה גבוהה למסגרת זמן זו (67.3%). אותות דומים בעבר הצליחו (100.0%).,LOSS,1.36579,-0.00016,-0.01171620424,2025-07-07T16:39:19.333Z,57.49379,55.27914,-44.72086,40.042389,0.00066454122,1.36576,1.36551,-0.00062000751,,,,,,,,,,,
1751906467225,USD/CAD,SELL,1.36568,1.36668,1.36402,1min,73,2025-07-07T16:41:07.225Z,1.36568,EMA מתחת SMA - מגמה יורדת. מחיר מתחת ממוצע נע. מומנטום שלילי. כל האינדיקטורים תומכים בכיוון אחד. היסטוריית הצלחה גבוהה לזוג זה (66.7%). היסטוריית הצלחה גבוהה למסגרת זמן זו (66.0%). אותות דומים בעבר הצליחו (83.3%).,LOSS,1.36578,-0.0001,-0.007322359557,2025-07-07T16:42:08.181Z,57.49379,55.27914,-44.72086,40.042389,0.00066454122,1.36576,1.36551,-0.00062000751,,,,,,,,,,,
1751906558219,GBP/JPY,BUY,198.872,198.77506,199.03356,1min,63,2025-07-07T16:42:38.219Z,198.872,EMA מעל SMA - מגמה עולה. מחיר מעל ממוצע נע. מומנטום חיובי. כל האינדיקטורים תומכים בכיוון אחד. תנודתיות גבוהה - ביטחון יורד. היסטוריית הצלחה גבוהה למסגרת זמן זו (64.7%). אותות דומים בעבר הצליחו (75.0%).,LOSS,198.86,-0.012,-0.00603403194,2025-07-07T16:43:38.968Z,53.41922,73.75546,-26.24454,68.80775,0.06462521,198.80522,198.82883,0.13500977,,,,,,,,,,,
1751906635189,NZD/USD,SELL,0.60042,0.60066,0.60002,1min,58,2025-07-07T16:43:55.189Z,0.60042,EMA מתחת SMA - מגמה יורדת. מחיר מתחת ממוצע נע. מומנטום שלילי. כל האינדיקטורים תומכים בכיוון אחד. היסטוריית הצלחה נמוכה לזוג זה (25.0%). היסטוריית הצלחה גבוהה למסגרת זמן זו (63.5%).,WIN,0.6003,0.00012,0.01998600979,2025-07-07T16:44:56.459Z,41.55619,21.17894,-78.82106,-66.6414,0.00015813673,0.60093861,0.60086849,-0.0002887845,,,,,,,,,,,
1751906754934,NZD/USD,SELL,0.60018,0.60042,0.59978,1min,68,2025-07-07T16:45:54.934Z,0.60018,EMA מתחת SMA - מגמה יורדת. מחיר מתחת ממוצע נע. מומנטום שלילי. כל האינדיקטורים תומכים בכיוון אחד. היסטוריית הצלחה גבוהה למסגרת זמן זו (64.2%). אותות דומים בעבר הצליחו (100.0%).,WIN,0.6,0.00018,0.0299910027,2025-07-07T16:46:55.340Z,41.55619,21.17894,-78.82106,-66.6414,0.00015813673,0.60093861,0.60086849,-0.0002887845,,,,,,,,,,,
1751906876498,AUD/USD,BUY,0.64973,0.64953,0.65006,1min,48,2025-07-07T16:47:56.498Z,0.64973,Williams %R מציין מכירת יתר. CCI מציין מכירת יתר. EMA מעל SMA - מגמה עולה. מחיר מתחת ממוצע נע. מומנטום שלילי. יש סתירה בין האינדיקטורים. היסטוריית הצלחה גבוהה למסגרת זמן זו (64.8%). אותות דומים בעבר הצליחו (75.0%).,LOSS,0.64953,-0.0002,-0.03078201715,2025-07-07T16:48:28.306Z,32.17149,50,-100,-168.84218,0.0001304408,0.65050777,0.65051601,-0.0002579689,,,,,,,,,,,
1751906942909,EUR/JPY,SELL,171.008,171.08291,170.88316,1min,43,2025-07-07T16:49:02.909Z,171.008,Stochastic מציין מכירת יתר. Williams %R מציין מכירת יתר. EMA מתחת SMA - מגמה יורדת. מחיר מתחת ממוצע נע. מומנטום שלילי. יש סתירה בין האינדיקטורים. תנודתיות גבוהה - ביטחון יורד. היסטוריית הצלחה גבוהה למסגרת זמן זו (63.6%). אותות דומים בעבר הצליחו (80.0%).,WIN,170.952,0.056,0.03274700599,2025-07-07T16:50:03.778Z,41.69847,7.34882,-92.65118,-64.27728,0.049937614,171.069714,171.058023,-0.10699463,,,,,,,,,,,
1751907265434,AUD/USD,BUY,0.64941,0.6492,0.64977,1min,43,2025-07-07T16:54:25.434Z,0.64941,RSI מציין מכירת יתר. Stochastic מציין מכירת יתר. Williams %R מציין מכירת יתר. CCI מציין מכירת יתר. EMA מתחת SMA - מגמה יורדת. מחיר מתחת ממוצע נע. מומנטום שלילי. יש סתירה בין האינדיקטורים. היסטוריית הצלחה גבוהה למסגרת זמן זו (64.3%).,LOSS,0.64923,-0.00018,-0.02771746662,2025-07-07T16:55:26.187Z,27.40507,5.84661,-94.15339,-132.48997,0.00014323927,0.65022542,0.65014103,-0.00087088346,,,,,,,,,,,
1751907308874,EUR/JPY,BUY,170.912,170.84262,171.02764,1min,43,2025-07-07T16:55:08.874Z,170.912,Stochastic מציין מכירת יתר. Williams %R מציין מכירת יתר. CCI מציין מכירת יתר. EMA מתחת SMA - מגמה יורדת. מחיר מתחת ממוצע נע. מומנטום שלילי. יש סתירה בין האינדיקטורים. תנודתיות גבוהה - ביטחון יורד. היסטוריית הצלחה גבוהה למסגרת זמן זו (64.3%). אותות דומים בעבר הצליחו (66.7%).,LOSS,170.883,-0.029,-0.01696779629,2025-07-07T16:56:09.665Z,36.35025,4.45028,-95.54972,-138.0023557,0.046254388,171.018785,171.0004417,-0.089996338,,,,,,,,,,,
1751907555343,GBP/JPY,BUY,198.689,198.59892,198.83913,1min,38,2025-07-07T16:59:15.343Z,198.689,Stochastic מציין מכירת יתר. Williams %R מציין מכירת יתר. CCI מציין מכירת יתר. EMA מתחת SMA - מגמה יורדת. מחיר מתחת ממוצע נע. מומנטום שלילי. יש סתירה בין האינדיקטורים. תנודתיות גבוהה - ביטחון יורד. היסטוריית הצלחה גבוהה למסגרת זמן זו (62.1%).,LOSS,198.654,-0.035,-0.0176154694,2025-07-07T17:00:17.115Z,40.2357,17.034023,-82.96598,-108.59,0.060052992,198.74914,198.72799,-0.15000916,,,,,,,,,,,
1751908591561,EUR/GBP,BUY,0.85995,0.8597,0.86037,1min,73,2025-07-07T17:16:31.561Z,0.85995,EMA מעל SMA - מגמה עולה. מחיר מעל ממוצע נע. מומנטום חיובי. כל האינדיקטורים תומכים בכיוון אחד. היסטוריית הצלחה גבוהה לזוג זה (66.7%). היסטוריית הצלחה גבוהה למסגרת זמן זו (61.0%). אותות דומים בעבר הצליחו (75.0%).,LOSS,0.85986,-0.00009,-0.01046572475,2025-07-07T17:17:32.517Z,43.14254,33.32731,-66.67269,-13.61043,0.00016919324,0.85994356,0.85996777,0.000039994717,,,,,,,,,,,
1751908677904,NZD/USD,BUY,0.59986,0.59966,0.6002,1min,35,2025-07-07T17:17:57.904Z,0.59986,Stochastic מציין קנייה יתר. Williams %R מציין קנייה יתר. EMA מעל SMA - מגמה עולה. מחיר מעל ממוצע נע. מומנטום חיובי. יש סתירה בין האינדיקטורים. אותות דומים בעבר נכשלו (37.5%).,WIN,0.5999,0.00004,0.006668222585,2025-07-07T17:19:00.147Z,47.71629,100,0,22.93474,0.00013655485,0.59984155,0.60001325,0.00046789646,,,,,,,,,,,
1751908868905,GBP/JPY,SELL,198.801,198.87212,198.68247,1min,38,2025-07-07T17:21:08.905Z,198.801,Stochastic מציין קנייה יתר. Williams %R מציין קנייה יתר. CCI מציין קנייה יתר. EMA מעל SMA - מגמה עולה. מחיר מעל ממוצע נע. מומנטום חיובי. יש סתירה בין האינדיקטורים. תנודתיות גבוהה - ביטחון יורד. היסטוריית הצלחה נמוכה לזוג זה (33.3%). היסטוריית הצלחה גבוהה למסגרת זמן זו (60.7%). אותות דומים בעבר הצליחו (100.0%).,WIN,198.781,0.02,0.01006031157,2025-07-07T17:22:09.852Z,63.21821,100,0,141.99143,0.047413004,198.72121,198.74011,0.12599182,,,,,,,,,,,
1751909012789,AUD/USD,SELL,0.64951,0.64972,0.64916,1min,48,2025-07-07T17:23:32.789Z,0.64951,Stochastic מציין קנייה יתר. Williams %R מציין קנייה יתר. CCI מציין קנייה יתר. EMA מעל SMA - מגמה עולה. מחיר מתחת ממוצע נע. מומנטום חיובי. יש סתירה בין האינדיקטורים. היסטוריית הצלחה גבוהה למסגרת זמן זו (61.3%). אותות דומים בעבר הצליחו (68.8%).,LOSS,0.64955,-0.00004,-0.006158488707,2025-07-07T17:24:33.931Z,57.45038,94.70056,-5.29944,122.20567,0.00013868195,0.64976931,0.64984065,0.00046867132,,,,,,,,,,,
1751909123973,EUR/JPY,SELL,170.908,170.95977,170.82172,1min,48,2025-07-07T17:25:23.973Z,170.908,EMA מתחת SMA - מגמה יורדת. מחיר מתחת ממוצע נע. מומנטום חיובי. יש סתירה בין האינדיקטורים. תנודתיות גבוהה - ביטחון יורד. היסטוריית הצלחה גבוהה לזוג זה (66.7%). היסטוריית הצלחה גבוהה למסגרת זמן זו (60.3%). אותות דומים בעבר הצליחו (64.7%).,LOSS,170.92,-0.012,-0.007021321413,2025-07-07T17:26:25.991Z,49.33961,53.15464,-46.84536,23.86712,0.03451108,170.91643,170.9139,0.011001587,,,,,,,,,,,
1751909283393,USD/CHF,SELL,0.79892,0.79919,0.79847,1min,45,2025-07-07T17:28:03.393Z,0.79892,Stochastic מציין קנייה יתר. Williams %R מציין קנייה יתר. CCI מציין קנייה יתר. EMA מעל SMA - מגמה עולה. מחיר מעל ממוצע נע. מומנטום חיובי. יש סתירה בין האינדיקטורים. היסטוריית הצלחה גבוהה לזוג זה (66.7%).,LOSS,0.799,-0.00008,-0.01001351825,2025-07-07T17:29:04.631Z,62.76141,90.73951,-9.26049,123.56418,0.00017996937,0.79877001,0.79881271,0.00025999546,,,,,,,,,,,
1751909841552,USD/JPY,BUY,146.02,145.96671,146.10881,1min,40,2025-07-07T17:37:21.552Z,146.02,Stochastic מציין מכירת יתר. Williams %R מציין מכירת יתר. CCI מציין מכירת יתר. EMA מתחת SMA - מגמה יורדת. מחיר מתחת ממוצע נע. מומנטום שלילי. יש סתירה בין האינדיקטורים. תנודתיות גבוהה - ביטחון יורד. היסטוריית הצלחה גבוהה לזוג זה (62.5%).,WIN,146.041,0.021,0.01438159156,2025-07-07T17:38:21.977Z,40.39423,1.24928,-98.75072,-183.035141,0.035523461,146.1255,146.11588,-0.04800415,,,,,,,,,,,
1751915210400,USD/JPY,SELL,146.121,146.16033,146.05545,1min,40,2025-07-07T19:06:50.400Z,146.121,EMA מעל SMA - מגמה עולה. מחיר מתחת ממוצע נע. מומנטום שלילי. יש סתירה בין האינדיקטורים. תנודתיות גבוהה - ביטחון יורד. היסטוריית הצלחה גבוהה לזוג זה (66.7%).,WIN,146.104,0.017,0.01163419358,2025-07-07T19:07:51.484Z,44.023593,42.47492,-57.52508,-56.57634,0.026221704,146.15064,146.15258,-0.026992798,,,,,,,,,,,
1751915388577,USD/JPY,SELL,146.099,146.13833,146.03345,1min,40,2025-07-07T19:09:48.577Z,146.099,EMA מעל SMA - מגמה עולה. מחיר מתחת ממוצע נע. מומנטום שלילי. יש סתירה בין האינדיקטורים. תנודתיות גבוהה - ביטחון יורד. היסטוריית הצלחה גבוהה לזוג זה (70.0%).,WIN,146.099,,,2025-07-07T19:10:50.503Z,44.023593,42.47492,-57.52508,-56.57634,0.026221704,146.15064,146.15258,-0.026992798,,,,,,,,,,,
1751916185966,USD/JPY,BUY,146.08,146.0785,146.0825,1min,68,2025-07-07T19:23:05.966Z,146.08,מחיר מעל ממוצע נע. כל האינדיקטורים תומכים בכיוון אחד. היסטוריית הצלחה גבוהה לזוג זה (72.7%). היסטוריית הצלחה גבוהה למסגרת זמן זו (60.3%).,WIN,146.0825,0.0025,0.001711391019,2025-07-07T19:24:19.124Z,50,50,-50,0,0.001,1,1,0,,,,,,,,,,,
1751916388600,USD/CAD,BUY,1.36675,1.36525,1.36925,1min,73,2025-07-07T19:26:28.600Z,1.36675,מחיר מעל ממוצע נע. כל האינדיקטורים תומכים בכיוון אחד. היסטוריית הצלחה גבוהה לזוג זה (61.5%). היסטוריית הצלחה גבוהה למסגרת זמן זו (60.9%). אותות דומים בעבר הצליחו (66.7%).,LOSS,1.36665,-0.0001,-0.007316627035,2025-07-07T19:26:43.027Z,50,50,-50,0,0.001,1,1,0,,,,,,,,,,,
1751921810197,AUD/USD,SELL,0.64903,0.64925,0.64867,1min,45,2025-07-07T20:56:50.197Z,0.64903,CCI מציין מכירת יתר. EMA מתחת SMA - מגמה יורדת. מחיר מתחת ממוצע נע. מומנטום שלילי. יש סתירה בין האינדיקטורים. אותות דומים בעבר הצליחו (61.9%).,WIN,0.64891,0.00012,0.01848912993,2025-07-07T20:57:51.616Z,33.54473,29.97738,-70.022624,-214.59432,0.00014572805,0.64944133,0.64943019,-0.0002656579,,,,,,,,,,,
1751923243207,AUD/USD,BUY,0.6491,0.64886,0.64949,1min,43,2025-07-07T21:20:43.207Z,0.6491,EMA מעל SMA - מגמה עולה. מחיר מתחת ממוצע נע. מומנטום חיובי. יש סתירה בין האינדיקטורים. היסטוריית הצלחה גבוהה למסגרת זמן זו (60.6%).,LOSS,0.649,-0.0001,-0.0154059467,2025-07-07T21:21:45.487Z,56.89742,70.12649,-29.87351,89.70454,0.00015704453,0.64958755,0.64966421,0.00059479475,,,,,,,,,,,
1752003312205,USD/JPY,BUY,146.67,146.64219,146.71635,1min,65,2025-07-08T19:35:12.205Z,146.67,EMA מעל SMA - מגמה עולה. מחיר מעל ממוצע נע. מומנטום חיובי. כל האינדיקטורים תומכים בכיוון אחד. תנודתיות גבוהה - ביטחון יורד. היסטוריית הצלחה גבוהה לזוג זה (75.0%). MACD שורי (MACD מעל סיגנל). מחיר מעל בולינגר עליון - קנייה יתר.,LOSS,146.669,-0.001,-0.0006818026863,2025-07-08T19:36:13.484Z,51.19635,62.90918,-37.09082,54.46836,0.01853905,146.64257,146.64888,0.024993896,,,,,,,,,,,
1752003385905,USD/JPY,BUY,146.672,146.64318,146.72004,1min,45,2025-07-08T19:36:25.905Z,146.672,Stochastic מציין קנייה יתר. Williams %R מציין קנייה יתר. EMA מעל SMA - מגמה עולה. מחיר מעל ממוצע נע. מומנטום חיובי. יש סתירה בין האינדיקטורים. תנודתיות גבוהה - ביטחון יורד. היסטוריית הצלחה גבוהה לזוג זה (69.2%). MACD שורי (MACD מעל סיגנל). מחיר מעל בולינגר עליון - קנייה יתר.,LOSS,146.665,-0.007,-0.004772553725,2025-07-08T19:37:30.828Z,56.83668,87.10313,-12.89687,96.88991,0.019214824,146.64479,146.65116,0.048995972,,,,,,,,,,,
1752003757493,AUD/CAD,BUY,0.89289,0.8923,0.89387,1min,45,2025-07-08T19:42:37.493Z,0.89289,Stochastic מציין קנייה יתר. Williams %R מציין קנייה יתר. EMA מעל SMA - מגמה עולה. מחיר מעל ממוצע נע. מומנטום חיובי. יש סתירה בין האינדיקטורים. MACD דובי (MACD מתחת סיגנל). מחיר מעל בולינגר עליון - קנייה יתר. מגמה חזקה לפי ADX.,LOSS,0.89286,-0.00003,-0.003359876357,2025-07-08T19:43:37.901Z,49.7612,94.39586,-5.60414,59.54335,0.00039362413,0.89274286,0.89275039,0.000039994717,,,,,,,,,,,
1752004231335,USD/CAD,BUY,1.36826,1.36749,1.36954,1min,25,2025-07-08T19:50:31.335Z,1.36826,EMA מתחת SMA - מגמה יורדת. מחיר מעל ממוצע נע. מומנטום חיובי. יש סתירה בין האינדיקטורים. אותות דומים בעבר נכשלו (38.5%). MACD שורי (MACD מעל סיגנל). מחיר מעל בולינגר עליון - קנייה יתר. מגמה חלשה לפי ADX.,LOSS,1.36816,-0.0001,-0.007308552468,2025-07-08T19:55:19.430Z,54.37111,76.0014306,-23.99857,56.75676,0.00051318828,1.36812,1.36806,0.000030040741,0.00010033641,0,0,0,0,0,11.65741,0,50,0.5,
1752004566687,AUD/CAD,SELL,0.89299,0.89362,0.89194,1min,55,2025-07-08T19:56:06.687Z,0.89299,Stochastic מציין קנייה יתר. Williams %R מציין קנייה יתר. EMA מתחת SMA - מגמה יורדת. מחיר מעל ממוצע נע. מומנטום חיובי. יש סתירה בין האינדיקטורים. אותות דומים בעבר הצליחו (63.6%). MACD שורי (MACD מעל סיגנל). מחיר מעל בולינגר עליון - קנייה יתר. מגמה חזקה לפי ADX.,WIN,0.89288,0.00011,0.01231816706,2025-07-08T19:57:07.794Z,51.79964,91.30773,-8.69227,-90.17653,0.00041978782,0.892815,0.89280448,0.00010001659,0.0000010131164,0,0,0,0,0,92.093161,0,50,0.5,
1752004645605,EUR/JPY,BUY,171.892,171.8668,171.934,1min,40,2025-07-08T19:57:25.605Z,171.892,CCI מציין מכירת יתר. EMA מעל SMA - מגמה עולה. מחיר מתחת ממוצע נע. מומנטום שלילי. יש סתירה בין האינדיקטורים. תנודתיות גבוהה - ביטחון יורד. MACD דובי (MACD מתחת סיגנל). מחיר מעל בולינגר עליון - קנייה יתר. מגמה חזקה לפי ADX.,WIN,171.892,,,2025-07-08T19:58:26.819Z,41.23691,35.97803,-64.021971,-120.36872,0.016800887,171.90743,171.90801,-0.018005371,-0.0095828142,0,0,0,0,0,32.32917,0,50,0.5,
1752004656812,NZD/USD,BUY,0.59942,0.59935,0.59954,1min,0,2025-07-08T19:57:36.812Z,0.59942,Stochastic מציין מכירת יתר. Williams %R מציין מכירת יתר. EMA מעל SMA - מגמה עולה. מחיר מתחת ממוצע נע. מומנטום שלילי. יש סתירה בין האינדיקטורים. אותות דומים בעבר נכשלו (38.5%). MACD דובי (MACD מתחת סיגנל). מחיר מעל בולינגר עליון - קנייה יתר. הפרש בין קנייה למכירה נמוך מדי - אות לא חזק.,WIN,0.59951,0.00009,0.01501451403,2025-07-08T19:58:37.543Z,34.96626,9.99171,-90.008285,-68.37407,0.00004661738,0.59969501,0.59970604,-0.00010788441,-0.00011478964,0,0,0,0,0,20,0,50,0.5,
1752004823821,EUR/GBP,BUY,0.8627,0.86258,0.8629,1min,45,2025-07-08T20:00:23.821Z,0.8627,CCI מציין קנייה יתר. EMA מעל SMA - מגמה עולה. מחיר מעל ממוצע נע. מומנטום חיובי. יש סתירה בין האינדיקטורים. MACD שורי (MACD מעל סיגנל). מחיר מעל בולינגר עליון - קנייה יתר. מגמה חזקה לפי ADX.,LOSS,0.86261,-0.00009,-0.01043236351,2025-07-08T20:01:25.477Z,54.51605,42.8612,-57.1388,106.61942,0.000078709255,0.86268072,0.86268112,0.000030040741,0.000029040576,0,0,0,0,0,26.51722,0,50,0.5,
1752005338615,NZD/USD,SELL,0.59962,0.59969,0.5995,1min,50,2025-07-08T20:08:58.615Z,0.59962,Stochastic מציין קנייה יתר. Williams %R מציין קנייה יתר. EMA מעל SMA - מגמה עולה. מחיר מתחת ממוצע נע. מומנטום חיובי. יש סתירה בין האינדיקטורים. היסטוריית הצלחה גבוהה לזוג זה (62.5%). MACD דובי (MACD מתחת סיגנל). מחיר מעל בולינגר עליון - קנייה יתר.,LOSS,0.59969,-0.00007,-0.01167406024,2025-07-08T20:09:59.436Z,48.73868,83.31952,-16.68048,53.030759,0.000046563914,0.59967703,0.59973118,0.00010794401,-0.00005434826,0,0,0,0,0,19.26789,0,50,0.5,
1752005476984,EUR/JPY,SELL,171.857,171.88672,171.80747,1min,50,2025-07-08T20:11:16.984Z,171.857,EMA מעל SMA - מגמה עולה. מחיר מתחת ממוצע נע. מומנטום שלילי. יש סתירה בין האינדיקטורים. תנודתיות גבוהה - ביטחון יורד. אותות דומים בעבר הצליחו (88.9%). MACD דובי (MACD מתחת סיגנל). מחיר מעל בולינגר עליון - קנייה יתר. מגמה חזקה לפי ADX.,LOSS,171.858,-0.001,-0.0005818791204,2025-07-08T20:12:17.386Z,37.81352,29.86524,-70.13476,-79.7354,0.019810378,171.87343,171.87388,-0.046005249,-0.014406789,0,0,0,0,0,34.04049,0,50,0.5,
1752006783740,EUR/JPY,BUY,171.826,171.80525,171.86059,1min,40,2025-07-08T20:33:03.740Z,171.826,EMA מעל SMA - מגמה עולה. מחיר מתחת ממוצע נע. מומנטום חיובי. יש סתירה בין האינדיקטורים. תנודתיות גבוהה - ביטחון יורד. MACD דובי (MACD מתחת סיגנל). מחיר מעל בולינגר עליון - קנייה יתר. מגמה חזקה לפי ADX.,WIN,171.83,0.004,0.002327936401,2025-07-08T20:34:11.662Z,40.0083609,38.45853,-61.54147,-68.72797,0.013834641,171.834,171.83658,0.00099182129,-0.010871629,0,0,0,0,0,40.68758,0,50,0.5,
1752008486716,AUD/USD,BUY,0.65226,0.65209,0.65255,1min,45,2025-07-08T21:01:26.716Z,0.65226,Stochastic מציין מכירת יתר. Williams %R מציין מכירת יתר. CCI מציין מכירת יתר. EMA מתחת SMA - מגמה יורדת. מחיר מתחת ממוצע נע. מומנטום שלילי. יש סתירה בין האינדיקטורים. MACD דובי (MACD מתחת סיגנל). מחיר מעל בולינגר עליון - קנייה יתר. מגמה חזקה לפי ADX.,WIN,0.65255,0.00029,0.04446079784,2025-07-08T21:01:59.192Z,33.72477,2.88668,-97.11332,-199.65506,0.00011423013,0.65340507,0.65334041,-0.00035005808,-0.000010541476,0,0,0,0,0,56.63308,0,50,0.5,
1752009443964,AUD/USD,BUY,0.6527,0.65251,0.65301,1min,45,2025-07-08T21:17:23.964Z,0.6527,EMA מעל SMA - מגמה עולה. מחיר מתחת ממוצע נע. מומנטום חיובי. יש סתירה בין האינדיקטורים. MACD דובי (MACD מתחת סיגנל). מחיר מעל בולינגר עליון - קנייה יתר. מגמה חזקה לפי ADX.,LOSS,0.65266,-0.00004,-0.006128389766,2025-07-08T21:18:24.816Z,50.69604,73.42492,-26.57508,1.0044373,0.00012578029,0.65323404,0.65326163,0.0001707077,-0.000022988394,0,0,0,0,0,45.11771,0,50,0.5,
1752011152677,GBP/JPY,BUY,199.077,198.96655,199.26108,1min,30,2025-07-08T21:45:52.677Z,199.077,EMA מעל SMA - מגמה עולה. מחיר מתחת ממוצע נע. מומנטום חיובי. יש סתירה בין האינדיקטורים. תנודתיות גבוהה - ביטחון יורד. MACD שורי (MACD מעל סיגנל). מחיר מעל בולינגר עליון - קנייה יתר. מגמה חלשה לפי ADX.,WIN,199.127,0.05,0.02511590992,2025-07-08T21:46:53.444Z,52.90774,52.58451,-47.41549,-17.94652,0.073631028,199.11743,199.11902,0.0059967041,0.0019016958,0,0,0,0,0,13.0084223,0,50,0.5,
1752011162933,CHF/JPY,BUY,184.046,183.99424,184.13227,1min,30,2025-07-08T21:46:02.933Z,184.046,Stochastic מציין קנייה יתר. Williams %R מציין קנייה יתר. EMA מעל SMA - מגמה עולה. מחיר מעל ממוצע נע. מומנטום חיובי. יש סתירה בין האינדיקטורים. תנודתיות גבוהה - ביטחון יורד. MACD דובי (MACD מתחת סיגנל). מחיר מעל בולינגר עליון - קנייה יתר. מגמה חלשה לפי ADX.,LOSS,184.026,-0.02,-0.01086684851,2025-07-08T21:47:03.614Z,53.093614,87.83254,-12.16746,67.88378,0.034507738,184.012356,184.024222,0.041992188,-0.013870487,0,0,0,0,0,12.70151,0,50,0.5,
1752011491126,EUR/JPY,SELL,171.747,171.90722,171.47997,1min,50,2025-07-08T21:51:31.126Z,171.747,CCI מציין מכירת יתר. EMA מתחת SMA - מגמה יורדת. מחיר מתחת ממוצע נע. מומנטום שלילי. יש סתירה בין האינדיקטורים. תנודתיות גבוהה - ביטחון יורד. אותות דומים בעבר הצליחו (88.9%). MACD דובי (MACD מתחת סיגנל). מחיר מעל בולינגר עליון - קנייה יתר. מגמה חזקה לפי ADX.,LOSS,171.808,-0.061,-0.03551735984,2025-07-08T21:52:31.591Z,49.51454,70.5916,-29.4084,-169.70302,0.10681227,171.75678,171.75147,-0.020004272,-0.0012697392,0,0,0,0,0,46.3636,0,50,0.5,
1752012120796,EUR/GBP,BUY,0.86256,0.86179,0.86384,1min,75,2025-07-08T22:02:00.796Z,0.86256,EMA מעל SMA - מגמה עולה. מחיר מעל ממוצע נע. מומנטום חיובי. כל האינדיקטורים תומכים בכיוון אחד. אותות דומים בעבר הצליחו (62.5%). MACD דובי (MACD מתחת סיגנל). מחיר מעל בולינגר עליון - קנייה יתר. מגמה חזקה לפי ADX.,WIN,0.86259,0.00003,0.00347801892,2025-07-08T22:03:02.077Z,47.055106,74.64741,-25.35259,52.91107,0.00051168076,0.86241929,0.86243561,0.00014001131,-0.000020033773,0,0,0,0,0,29.97411,0,50,0.5,
1752012276265,GBP/CHF,SELL,1.08154,1.08231,1.08026,1min,55,2025-07-08T22:04:36.265Z,1.08154,Stochastic מציין קנייה יתר. Williams %R מציין קנייה יתר. CCI מציין קנייה יתר. EMA מעל SMA - מגמה עולה. מחיר מעל ממוצע נע. מומנטום חיובי. יש סתירה בין האינדיקטורים. אותות דומים בעבר הצליחו (63.6%). MACD דובי (MACD מתחת סיגנל). מחיר מעל בולינגר עליון - קנייה יתר. מגמה חזקה לפי ADX.,WIN,1.08122,0.00032,0.02958744013,2025-07-08T22:05:36.967Z,57.045951,100,0,193.85355,0.00051194927,1.081411,1.081459,0.00027000904,-0.000025832076,0,0,0,0,0,38.37229,0,50,0.5,
1752012341304,EUR/GBP,BUY,0.86244,0.8617,0.86367,5min,40,2025-07-08T22:05:41.304Z,0.86244,EMA מעל SMA - מגמה עולה. מחיר מתחת ממוצע נע. מומנטום חיובי. יש סתירה בין האינדיקטורים. MACD דובי (MACD מתחת סיגנל). מחיר מעל בולינגר עליון - קנייה יתר.,WIN,0.86261,0.00017,0.01971151616,2025-07-08T22:10:42.167Z,50.81957,50.41624,-49.58376,-60.61585,0.00049321656,0.86252215,0.86253654,0.00011003017,-0.000038796473,0,0,0,0,0,16.55354,0,50,0.5,
1752012354873,AUD/CAD,BUY,0.89169,0.89032,0.89397,5min,75,2025-07-08T22:05:54.873Z,0.89169,EMA מעל SMA - מגמה עולה. מחיר מעל ממוצע נע. מומנטום חיובי. כל האינדיקטורים תומכים בכיוון אחד. אותות דומים בעבר הצליחו (62.5%). MACD דובי (MACD מתחת סיגנל). מחיר מעל בולינגר עליון - קנייה יתר. מגמה חזקה לפי ADX.,WIN,0.8918,0.00011,0.01233612578,2025-07-08T22:10:56.091Z,45.89845,69.48175,-30.51825,-28.80173,0.00091341607,0.89136643,0.89150895,0.00019997358,-0.00031520033,0,0,0,0,0,42.2293,0,50,0.5,
1752012770939,EUR/JPY,SELL,171.89,172.0346,171.649,5min,45,2025-07-08T22:12:50.939Z,171.89,Stochastic מציין קנייה יתר. Williams %R מציין קנייה יתר. CCI מציין קנייה יתר. EMA מעל SMA - מגמה עולה. מחיר מעל ממוצע נע. מומנטום חיובי. יש סתירה בין האינדיקטורים. תנודתיות גבוהה - ביטחון יורד. אותות דומים בעבר הצליחו (88.9%). MACD דובי (MACD מתחת סיגנל). מחיר מעל בולינגר עליון - קנייה יתר.,LOSS,171.902,-0.012,-0.006981208913,2025-07-08T22:17:52.230Z,61.11125,92.40608,-7.59392,125.12736,0.096399886,171.77185,171.80909,0.18399048,-0.0070529957,0,0,0,0,0,15.62723,0,50,0.5,
1752012890981,EUR/USD,BUY,1.17261,1.17172,1.1741,15min,35,2025-07-08T22:14:50.981Z,1.17261,EMA מתחת SMA - מגמה יורדת. מחיר מעל ממוצע נע. מומנטום חיובי. יש סתירה בין האינדיקטורים. MACD שורי (MACD מעל סיגנל). מחיר מעל בולינגר עליון - קנייה יתר. מגמה חלשה לפי ADX.,WIN,1.17277,0.00016,0.01364477533,2025-07-08T22:29:51.707Z,54.09051,62.096774,-37.90323,-3.72546,0.0005960825,1.17241,1.17226,0.00048,0.00017307916,0,0,0,0,0,11.98027,0,50,0.5,
1752013371433,EUR/USD,BUY,1.17271,1.17236,1.17329,5min,41,2025-07-08T22:22:51.433Z,1.17271,Stochastic מציין קנייה יתר. Williams %R מציין קנייה יתר. EMA מעל SMA - מגמה עולה. מחיר מעל ממוצע נע. מומנטום חיובי. יש סתירה בין האינדיקטורים. היסטוריית הצלחה גבוהה למסגרת זמן זו (66.7%). MACD שורי (MACD מעל סיגנל). מחיר מעל בולינגר עליון - קנייה יתר. מגמה חלשה לפי ADX.,WIN,1.17271,,,2025-07-08T22:27:52.249Z,56.3467,95.74468,-4.25532,0,0.00023268863,1.17228,1.1724,0.00034,0.000034284255,0,0,0,0,0,14.21009,0,50,0.5,
1752013380237,AUD/CAD,BUY,0.89196,0.89056,0.89429,5min,61,2025-07-08T22:23:00.237Z,0.89196,Stochastic מציין קנייה יתר. Williams %R מציין קנייה יתר. EMA מעל SMA - מגמה עולה. מחיר מעל ממוצע נע. מומנטום חיובי. יש סתירה בין האינדיקטורים. היסטוריית הצלחה גבוהה לזוג זה (66.7%). היסטוריית הצלחה גבוהה למסגרת זמן זו (66.7%). MACD דובי (MACD מתחת סיגנל). מחיר מעל בולינגר עליון - קנייה יתר. מגמה חזקה לפי ADX.,WIN,0.89198,0.00002,0.002242253016,2025-07-08T22:28:01.031Z,52.5222,93.52487,-6.47513,65.96859,0.00093324185,0.89149928,0.89165519,0.00050997734,-0.0001455396,0,0,0,0,0,34.8182,0,50,0.5,
1752015661626,EUR/GBP,BUY,0.86274,0.86262,0.86295,1min,45,2025-07-08T23:01:01.626Z,0.86274,EMA מעל SMA - מגמה עולה. מחיר מתחת ממוצע נע. מומנטום חיובי. יש סתירה בין האינדיקטורים. MACD שורי (MACD מעל סיגנל). מחיר מעל בולינגר עליון - קנייה יתר. מגמה חזקה לפי ADX.,WIN,0.86276,0.00002,0.002318195517,2025-07-08T23:02:03.363Z,61.33931,70.58205,-29.41795,84.56876,0.000082197724,0.86274856,0.86275949,0.000090003014,0.000031911081,0,0,0,0,0,44.41875,0,50,0.5,
1752015977461,GBP/JPY,SELL,199.302,199.41161,199.11932,5min,41,2025-07-08T23:06:17.461Z,199.302,Stochastic מציין קנייה יתר. Williams %R מציין קנייה יתר. CCI מציין קנייה יתר. EMA מתחת SMA - מגמה יורדת. מחיר מעל ממוצע נע. מומנטום חיובי. יש סתירה בין האינדיקטורים. תנודתיות גבוהה - ביטחון יורד. היסטוריית הצלחה גבוהה למסגרת זמן זו (80.0%). MACD שורי (MACD מעל סיגנל). מחיר מעל בולינגר עליון - קנייה יתר.,LOSS,199.41161,-0.10961,-0.05499693932,2025-07-09T05:53:08.143Z,64.33504,93.79584,-6.20416,125.58334,0.073070548,199.24236,199.2366,0.074996948,0.022673314,0,0,0,0,0,20.96178,0,50,0.5,
1752758646023,AUD/USD,BUY,0.64635,0.64621,0.64659,1min,40,2025-07-17T13:24:06.023Z,0.64635,RSI מציין מכירת יתר. Williams %R מציין מכירת יתר. CCI מציין מכירת יתר. EMA מעל SMA - מגמה עולה. מחיר מתחת ממוצע נע. יש סתירה בין האינדיקטורים. מחיר מעל בולינגר עליון - קנייה יתר.,EXPIRED,,,,,2025-07-17T13:26:48.051Z,50,27.092675,50,-100,-180.50448,0.00009464547,0.64701449,1,0,0,0,0,0,0,20,20,50,50
1752758803082,USD/JPY,SELL,148.649,148.6505,148.6465,1min,40,2025-07-17T13:26:43.082Z,148.649,Stochastic מציין קנייה יתר. מחיר מעל ממוצע נע. יש סתירה בין האינדיקטורים. מחיר מעל בולינגר עליון - קנייה יתר.,WIN,148.6465,0.0025,0.001681814207,-0.001681814207,2025-07-17T13:31:37.227Z,50,55.49313,90.097439,-50,0.001,0.001,1,1,0,0,0,0,0,0,20,21.30614,50,50
1752758955775,USD/JPY,SELL,148.575,148.64938,148.45103,1min,75,2025-07-17T13:29:15.775Z,148.575,EMA מתחת SMA - מגמה יורדת. מחיר מתחת ממוצע נע. כל האינדיקטורים תומכים בכיוון אחד. תנודתיות גבוהה - ביטחון יורד. היסטוריית הצלחה גבוהה לזוג זה (64.3%). אותות דומים בעבר הצליחו (77.8%). מחיר מעל בולינגר עליון - קנייה יתר.,WIN,148.551,0.024,0.01615345785,-0.01615345785,2025-07-17T13:30:16.677Z,48.10498,64.20655,-35.79345,58.19075,0.049589638,148.6105,1,0,0,0,0,0,0,0,20,0,50,0.5
1752759396069,USD/CAD,BUY,1.37574,1.3748,1.3773,1min,70,2025-07-17T13:36:36.069Z,1.37574,מחיר מעל ממוצע נע. כל האינדיקטורים תומכים בכיוון אחד. אותות דומים בעבר הצליחו (66.7%). MACD שורי (MACD מעל סיגנל). מחיר מעל בולינגר עליון - קנייה יתר.,LOSS,1.37521,-0.00053,-0.03852472124,-0.03852472124,2025-07-17T13:37:38.208Z,48.39495,50,-56.54855,-57.23976,0.00062445389,1,1,0,0.000010574746,0,0,0,0,0,20,0,50,0.5
1752760627669,AUD/CAD,BUY,,,,1min,70,2025-07-17T13:57:07.669Z,,EMA מעל SMA - מגמה עולה. כל האינדיקטורים תומכים בכיוון אחד. היסטוריית הצלחה גבוהה לזוג זה (75.0%).,LOSS,0.89003,,,,2025-07-17T13:58:08.540Z,51.095054,70.45516,-29.54484,-57.17728,0.00047136841,0.889925,1,0,0,0,0,0,0,0,20,0,50,0.5